Neighborhood,Price,Bedrooms,Bathrooms,House Size,Description,Neighborhood Description
"Green Oaks","$800,000",3,2,"2,000 sqft","Welcome to this eco-friendly oasis nestled in the heart of Green Oaks. This charming 3-bedroom, 2-bathroom home boasts energy-efficient features such as solar panels and a well-insulated structure. Natural light floods the living spaces, highlighting the beautiful hardwood floors and eco-conscious finishes. The open-concept kitchen and dining area lead to a spacious backyard with a vegetable garden, perfect for the eco-conscious family. Embrace sustainable living without compromising on style in this Green Oaks gem.","Green Oaks is a close-knit, environmentally-conscious community with access to organic grocery stores, community gardens, and bike paths. Take a stroll through the nearby Green Oaks Park or grab a cup of coffee at the cozy Green Bean Cafe. With easy access to public transportation and bike lanes, commuting is a breeze."
"Seaside Retreat","$1,200,000",4,3,"2,500 sqft","Escape to this stunning seaside retreat located just steps away from the beach. This 4-bedroom, 3-bathroom home features panoramic ocean views from every room, a gourmet kitchen with high-end appliances, and a spacious deck perfect for entertaining. Enjoy the sound of crashing waves and salty sea breeze in this coastal paradise.","Seaside Retreat is a sought-after beachfront community known for its pristine sandy beaches, charming seaside shops, and delicious seafood restaurants. Residents can enjoy surfing, paddleboarding, and beach bonfires right in their backyard."
"Mountain Hideaway","$900,000",3,2.5,"2,300 sqft","Discover this hidden mountain hideaway nestled in the tranquil forests of the Sierra Nevada. This 3-bedroom, 2.5-bathroom home features vaulted ceilings, a cozy stone fireplace, and a wrap-around deck with breathtaking mountain views. Escape the hustle and bustle of city life and embrace the serenity of nature in this peaceful retreat.","Mountain Hideaway is a secluded mountain community known for its hiking trails, wildlife sightings, and stunning mountain vistas. Residents can enjoy skiing, snowboarding, and snowshoeing in the winter months, and hiking, fishing, and mountain biking in the summer."
"Urban Loft","$700,000",2,2,"1,800 sqft","Live in style in this chic urban loft located in the heart of the city. This 2-bedroom, 2-bathroom loft features exposed brick walls, high ceilings, and industrial-chic finishes. The open floor plan is perfect for entertaining, and the rooftop terrace offers stunning city views. Experience city living at its finest in this trendy urban oasis.","Urban Loft is a vibrant urban neighborhood known for its trendy restaurants, art galleries, and nightlife. Residents can walk to local cafes, boutiques, and cultural attractions, and enjoy easy access to public transportation and bike-sharing stations."
"Ranch Retreat","$1,500,000",5,4,"3,500 sqft","Escape to this sprawling ranch retreat situated on 10 acres of rolling hills and lush pastures. This 5-bedroom, 4-bathroom home features a gourmet kitchen, a cozy stone fireplace, and a private guest house. The expansive outdoor space includes a barn, a riding arena, and a sparkling pool, making it the perfect retreat for equestrian enthusiasts and nature lovers alike.","Ranch Retreat is a prestigious equestrian community known for its horse-friendly amenities, riding trails, and scenic countryside views. Residents can enjoy horseback riding, hiking, and birdwatching in this peaceful rural setting."
"Lakeside Haven","$950,000",3,2.5,"2,100 sqft","Relax in this lakeside haven located on the shores of a tranquil lake. This 3-bedroom, 2.5-bathroom home features a gourmet kitchen, a cozy fireplace, and a private dock for boating and fishing. The expansive deck offers stunning lake views, perfect for enjoying morning coffee or evening sunsets. Embrace lakeside living in this peaceful retreat.","Lakeside Haven is a picturesque lakeside community known for its water activities, fishing spots, and scenic hiking trails. Residents can enjoy boating, kayaking, and paddleboarding on the lake, and explore nearby parks and nature reserves."
"Desert Oasis","$800,000",4,3,"2,400 sqft","Discover this desert oasis nestled in the arid landscapes of the Southwest. This 4-bedroom, 3-bathroom home features a modern design, a gourmet kitchen, and a private courtyard with a sparkling pool. The expansive backyard offers stunning desert views and is perfect for outdoor entertaining. Experience the beauty of the desert in this luxurious oasis.","Desert Oasis is a serene desert community known for its stunning sunsets, starry skies, and unique desert flora and fauna. Residents can enjoy hiking, stargazing, and off-roading in the nearby desert landscapes."
"Country Cottage","$600,000",2,1.5,"1,500 sqft","Escape to this charming country cottage surrounded by rolling hills and lush vineyards. This 2-bedroom, 1.5-bathroom home features a cozy fireplace, a gourmet kitchen, and a private garden with fruit trees and a vegetable patch. The wrap-around porch offers stunning countryside views, perfect for enjoying a glass of wine at sunset. Experience country living at its finest in this idyllic cottage.","Country Cottage is a quaint countryside community known for its vineyards, wineries, and farm-to-table dining. Residents can enjoy wine tasting, farmers markets, and scenic drives through the picturesque countryside."
"City Penthouse","$1,800,000",3,3.5,"2,800 sqft","Live the high life in this luxurious city penthouse located in the heart of downtown. This 3-bedroom, 3.5-bathroom penthouse features floor-to-ceiling windows, a gourmet kitchen, and a private rooftop terrace with panoramic city views. The building offers top-notch amenities including a fitness center, concierge service, and private parking. Experience urban living at its finest in this upscale penthouse.","City Penthouse is a bustling urban neighborhood known for its high-end shopping, fine dining, and cultural attractions. Residents can walk to theaters, museums, and art galleries, and enjoy easy access to public transportation and upscale boutiques."
"Coastal Cottage","$750,000",2,1,"1,200 sqft","Embrace coastal living in this charming cottage located just steps away from the beach. This 2-bedroom, 1-bathroom home features a bright and airy interior, a gourmet kitchen, and a private patio perfect for al fresco dining. Enjoy the sound of crashing waves and salty sea breeze in this coastal retreat.","Coastal Cottage is a quaint beachside community known for its sandy beaches, surf shops, and seafood shacks. Residents can enjoy surfing, beachcombing, and beach bonfires right in their backyard."